<?xml version="1.0" encoding="utf-8"?>
<!-- Copyright (c) 2018-Present Webkul Software Pvt. Ltd. (<https://webkul.com/>) -->
<!-- See LICENSE file for full copyright and licensing details. -->
<odoo>
    <record id="mail_template_voucher_voucher" model="mail.template">
            <field name="name">Coupon Code</field>
            <field name="subject">Coupon Code for first order</field>
            <field name="email_from">"test@example.com"</field>
            <field name="model_id" ref="wk_coupons.model_voucher_voucher"/>
            <field name="auto_delete" eval="True"/>
            <field name="body_html"><![CDATA[

              <h1>&nbsp; &nbsp; &nbsp; &nbsp; &nbsp; &nbsp; &nbsp; &nbsp; &nbsp; &nbsp; &nbsp; &nbsp; <font class="bg-gray-lighter" style="color: rgb(0, 0, 255);">&nbsp; &nbsp; &nbsp; &nbsp;</font><font class="bg-gray-lighter" style="color: rgb(165, 74, 123);">Welcome to ${object.get_create_user_values()['company']} </font><font class="bg-gray-lighter" style="color: rgb(165, 74, 123);"></font><font class="bg-gray-lighter" style="color: rgb(0, 0, 255);"> &nbsp; &nbsp; &nbsp;</font></h1><h3>&nbsp; &nbsp; &nbsp; &nbsp; &nbsp; &nbsp; &nbsp; &nbsp; &nbsp; &nbsp; &nbsp; &nbsp;<span style="font-weight: normal;">For your warm welcome we are giving you a discount on your first purchase.</span><br>&nbsp; &nbsp; &nbsp; &nbsp; &nbsp; &nbsp; &nbsp; &nbsp; &nbsp; &nbsp; &nbsp; &nbsp;<br>&nbsp; &nbsp; &nbsp; &nbsp;</span>&nbsp; &nbsp; &nbsp; &nbsp; &nbsp; &nbsp; &nbsp; &nbsp; &nbsp; &nbsp; &nbsp; &nbsp; &nbsp; &nbsp;<span style="font-weight: normal;">
              You will get &nbsp;a discount of 
             

              % if object.voucher_val_type == 'amount':
                 ${object.get_create_user_values()['curency']}
              % endif

              ${object.voucher_value}

              % if object.voucher_val_type == 'percent':

                Percent 
              % endif

                on your first purchase.</span><br>&nbsp;&nbsp;&nbsp;&nbsp;&nbsp;&nbsp;&nbsp;&nbsp;&nbsp;&nbsp;&nbsp;&nbsp;&nbsp;&nbsp;&nbsp;&nbsp;&nbsp;&nbsp;&nbsp;&nbsp;&nbsp;&nbsp;&nbsp;&nbsp;
              <br>&nbsp;&nbsp;&nbsp;&nbsp;&nbsp;&nbsp;&nbsp;&nbsp;&nbsp;&nbsp;&nbsp;&nbsp;&nbsp;&nbsp;&nbsp;&nbsp;&nbsp;&nbsp;&nbsp;&nbsp;<span style="font-weight: normal;">&nbsp; &nbsp; &nbsp; &nbsp; &nbsp; &nbsp; &nbsp; &nbsp;Use &nbsp;coupon code &nbsp; <font style="color: rgb(74, 16, 49); font-size: 18px;" class="bg-white">${object.voucher_code}</font><font style="color: rgb(57, 132, 198); font-size: 24px;" class="bg-white">&nbsp;</font><font style="font-size: 24px;" class="bg-white"></font><font style="font-size: 24px;">&nbsp;</font><font style="font-size: 18px;">to avail this offer.<br><br></font></span>&nbsp;&nbsp;&nbsp;&nbsp;<span style="font-weight: normal;"><font style="font-size: 18px;">&nbsp;</font></span>&nbsp;&nbsp;&nbsp;&nbsp;&nbsp;&nbsp;&nbsp;&nbsp;<span style="font-weight: normal;"><font style="font-size: 18px;">&nbsp;</font></span>&nbsp;&nbsp;&nbsp;&nbsp;&nbsp;&nbsp;&nbsp;&nbsp;<span style="font-weight: normal;"><font style="font-size: 14px;">&nbsp;</font><font style="font-size: 14px;">Thank you.<br></font></span><font class="bg-gray-lighter" style="color: rgb(206, 0, 0);"></font></h3><div style="font-family: 'Lucica Grande', Ubuntu, Arial, Verdana, sans-serif; font-size: 16px; color: rgb(34, 34, 34); background-color: #FFF;"></div>

            ]]></field>
    </record>
</odoo>
